Bacterial Infections and Mycoses,1975,540.86762202277646,174.27650481124209
Bacterial Infections and Mycoses,1976,524.22672183186501,184.4860497847516
Bacterial Infections and Mycoses,1977,510.74502263262718,193.98947501584763
Bacterial Infections and Mycoses,1978,527.48677189862156,187.77286851696169
Bacterial Infections and Mycoses,1980,548.85075439977868,171.14866465994635
Bacterial Infections and Mycoses,1981,546.85628562092336,175.93164844669764
Bacterial Infections and Mycoses,1982,538.22115653136882,176.49019836554999
Bacterial Infections and Mycoses,1983,548.30938123752492,169.02384136404257
Bacterial Infections and Mycoses,1984,546.4051390433815,169.76663361160197
Bacterial Infections and Mycoses,1985,546.44923896889259,172.84166927099943
Bacterial Infections and Mycoses,1986,548.83261624284148,169.29839096773583
Bacterial Infections and Mycoses,1987,561.16885284667069,163.24309280292397
Bacterial Infections and Mycoses,1988,564.65499433177979,158.25041854565535
Bacterial Infections and Mycoses,1993,573.02839493787747,161.8970054228285
Bacterial Infections and Mycoses,1995,576.04459661287024,157.91111734717134
Bacterial Infections and Mycoses,1996,575.33788551274733,163.63671025062504
Bacterial Infections and Mycoses,1997,575.11083061667046,161.6456999682955
Bacterial Infections and Mycoses,2007,576.09558565763814,153.26645352730594
Bacterial Infections and Mycoses,2011,576.00804853911984,156.29301234143043
Bacterial Infections and Mycoses,2014,581.93421479640995,152.52160221161466
Bacterial Infections and Mycoses,2015,583.27430809527505,145.09682815519173
Virus Diseases,1977,533.74296424998681,186.19949032856115
Virus Diseases,1978,511.46337427487015,195.68669599204691
Virus Diseases,1979,519.18296634152728,194.76019076566726
Virus Diseases,1980,542.41323913924782,176.07182561837882
Virus Diseases,1981,540.54838099524193,180.87549679161492
Virus Diseases,1982,535.72177260818955,182.31478275429328
Virus Diseases,1983,536.18405849593159,184.05937711539386
Virus Diseases,1984,527.38810031987794,188.23181831019471
Virus Diseases,1985,537.43173581748454,183.63416252682006
Virus Diseases,1986,553.35944430373399,176.33973250744359
Virus Diseases,1987,555.03151088382799,182.20225494608039
Virus Diseases,1990,513.55709048958374,229.25900449693674
Virus Diseases,1992,519.5842703072957,225.66396964745206
Virus Diseases,1993,512.38321229111716,231.34999095555804
Virus Diseases,1994,501.20272686985135,239.53649115987278
Virus Diseases,1997,491.96416970319774,244.98324849956899
Virus Diseases,2000,522.66841744219835,221.85520425713636
Virus Diseases,2001,519.15139725563199,222.94187069652949
Virus Diseases,2002,527.19679927581092,216.00890379381019
Virus Diseases,2005,518.02357778182113,222.97437822757078
Virus Diseases,2007,515.77928106772686,225.79160471035661
Virus Diseases,2009,537.14984653185434,205.55126308060608
Virus Diseases,2010,533.59292913327488,209.69106604273148
Virus Diseases,2011,542.95943895335529,198.55896876296717
Virus Diseases,2012,544.23839555776021,197.96680715628514
Parasitic Diseases,1976,484.28715610019958,162.79546728944979
Parasitic Diseases,1981,476.18408920304603,168.55131948906032
Parasitic Diseases,1982,476.87541963128189,169.59206709355905
Parasitic Diseases,1983,473.73963902743662,176.91866357340533
Parasitic Diseases,1985,467.75493919005334,181.05293694052219
Parasitic Diseases,1986,486.22168439356284,170.77004068125564
Parasitic Diseases,1990,510.51397147078325,167.78101856154905
Parasitic Diseases,1998,548.99704455774224,163.7951914204144
Neoplasms,1976,339.9577664147028,254.99960433089615
Neoplasms,1977,357.25206225800036,236.04409019265341
Neoplasms,1978,312.81502822885744,239.04206227158224
Neoplasms,1979,366.62251825092193,239.54510326663862
Neoplasms,1980,307.10509102407735,242.09237145624343
Neoplasms,1981,381.07077763133123,242.7839945094446
Neoplasms,1982,327.20308582736328,231.97480236458117
Neoplasms,1983,361.21106644042578,247.56675407215957
Neoplasms,1984,343.79117753623188,248.61564462899301
Neoplasms,1985,324.96440998260243,239.33939926273698
Neoplasms,1986,308.31679651051678,240.35058821499868
Neoplasms,1987,354.5593702099157,251.91802179858001
Neoplasms,1988,353.49858641130874,251.96550086052008
Neoplasms,1989,318.26268864021023,231.29655236309259
Neoplasms,1990,365.85439683271045,259.52749370043119
Neoplasms,1991,349.09666358690072,251.56798859941361
Neoplasms,1993,362.53560148030562,246.57945020199264
Neoplasms,1994,369.07262821390577,249.33869968963577
Neoplasms,1995,408.80875469117609,254.45022679309429
Neoplasms,1996,372.24598124401092,255.82455893724097
Neoplasms,1997,416.43465060032821,253.72105113637681
Neoplasms,1998,467.64935682579943,241.94562088931929
Neoplasms,1999,428.5070866141732,250.81384189558821
Neoplasms,2000,420.06598292967442,258.38004932240369
Neoplasms,2001,376.78288063936992,255.80172468670668
Neoplasms,2002,394.30042284049318,261.92149641328228
Neoplasms,2003,444.75079042709103,250.26594852466488
Neoplasms,2004,374.85343087145412,256.37791132978441
Neoplasms,2005,412.61739654425304,254.49940165963531
Neoplasms,2006,374.77453846153844,254.38835631497199
Neoplasms,2007,408.53849015096364,257.1679801351317
Neoplasms,2008,403.767564071469,252.49992867775356
Neoplasms,2009,420.35279462738299,253.70262054675015
Neoplasms,2010,462.82371118308248,242.99339981052498
Neoplasms,2011,393.5909305508244,255.14201542534792
Neoplasms,2012,439.2047756476328,255.43834586109654
Neoplasms,2013,476.02345610888858,247.45364032990713
Neoplasms,2014,437.71740329821483,253.06079103917978
Neoplasms,2015,424.14673775802481,258.14537788373639
Musculoskeletal Diseases,1976,362.70306936771027,210.70736091246755
Musculoskeletal Diseases,1977,297.01770416904628,184.99634817862602
Musculoskeletal Diseases,1978,346.96420807453416,200.49434180224256
Musculoskeletal Diseases,1979,415.63313609467457,213.96703420114162
Musculoskeletal Diseases,1980,348.19619729953155,225.56556756460418
Musculoskeletal Diseases,1981,333.80086212130414,187.3372251298677
Musculoskeletal Diseases,1982,420.40306064398681,228.92467131782834
Musculoskeletal Diseases,1983,363.95575183478411,218.02536402451918
Musculoskeletal Diseases,1984,356.62741552317129,226.03285146382728
Musculoskeletal Diseases,1985,383.01722627737229,218.20167642442595
Musculoskeletal Diseases,1986,362.50465693028383,224.62231855660349
Musculoskeletal Diseases,1987,387.37298131851168,226.61267966533973
Musculoskeletal Diseases,1988,350.15405847676504,214.41470781329073
Musculoskeletal Diseases,1989,375.61269841269842,231.87764230171351
Musculoskeletal Diseases,1990,350.26757453723332,233.76331665557527
Musculoskeletal Diseases,1991,389.3527401473624,222.81001451879061
Musculoskeletal Diseases,1992,399.41890621133382,233.17157583032201
Musculoskeletal Diseases,1993,348.07043963788152,235.88216692954978
Musculoskeletal Diseases,1994,418.10885562645359,228.86160021482769
Musculoskeletal Diseases,1995,382.10215194474739,243.18424020301777
Musculoskeletal Diseases,1996,381.76608393187877,237.31814415788503
Musculoskeletal Diseases,1997,392.73080603606917,236.45346371399128
Musculoskeletal Diseases,1998,353.38921321261893,229.03811544564218
Musculoskeletal Diseases,1999,378.57755984393123,237.32117524536059
Musculoskeletal Diseases,2000,365.06544008546501,232.14978718401119
Musculoskeletal Diseases,2001,386.8481741930018,242.90936390372713
Musculoskeletal Diseases,2002,307.06627680311891,198.96615804957443
Musculoskeletal Diseases,2003,348.14221238004853,235.40385257481157
Musculoskeletal Diseases,2004,347.04926040438642,228.54940260372697
Musculoskeletal Diseases,2005,306.8121666764344,199.92780417537898
Musculoskeletal Diseases,2006,400.12291506286886,226.79469798260612
Musculoskeletal Diseases,2007,379.46744041127903,233.69198756135918
Musculoskeletal Diseases,2008,356.36720980908706,222.9433176676757
Musculoskeletal Diseases,2010,386.87474535268655,235.81366396780672
Musculoskeletal Diseases,2011,357.99048735475594,236.15360756991794
Musculoskeletal Diseases,2012,425.83172616856825,219.25977539419051
Musculoskeletal Diseases,2013,374.52891234161791,234.38670026383269
Musculoskeletal Diseases,2014,328.91091682419659,235.77138908572513
Musculoskeletal Diseases,2015,373.79258065062118,231.78421904112011
Digestive System Diseases,1975,378.65959952885748,217.9943243130065
Digestive System Diseases,1976,353.3404260192396,225.98069885272102
Digestive System Diseases,1978,422.31298046124277,217.57830701649962
Digestive System Diseases,1979,419.06285714285713,223.86651911837211
Digestive System Diseases,1980,412.4383430216152,230.64167983987275
Digestive System Diseases,1981,434.07857459052678,229.83584045277865
Digestive System Diseases,1982,447.69886549937701,221.71741633980582
Digestive System Diseases,1983,450.99832269275811,235.190076667688
Digestive System Diseases,1985,482.23693379790939,222.56573349619322
Digestive System Diseases,1986,412.79733338769853,243.20553400536465
Digestive System Diseases,1987,413.2071888437228,235.83301935367658
Digestive System Diseases,1988,486.28914226097322,215.56830230196434
Digestive System Diseases,1989,488.05316607510412,219.86010913846906
Digestive System Diseases,1990,502.8079470368744,221.3714572457443
Digestive System Diseases,1992,509.25502951918747,215.34448493436034
Digestive System Diseases,1993,517.53541602035114,216.7473299711169
Digestive System Diseases,1994,524.64824248599086,214.25563608814775
Digestive System Diseases,1995,532.90056261699908,205.25442919898774
Digestive System Diseases,1996,519.64010731975782,218.95414187280551
Digestive System Diseases,1997,530.0373621958048,218.08493991573465
Digestive System Diseases,1999,511.75158164549498,232.13945515367388
Digestive System Diseases,2001,532.54270254593951,216.47614857493551
Digestive System Diseases,2002,527.67309940204223,219.67360280430606
Digestive System Diseases,2003,539.94203106940768,209.4698245890809
Digestive System Diseases,2004,534.03023557316362,213.27910968389313
Digestive System Diseases,2005,533.84190285809473,210.86234280176151
Digestive System Diseases,2009,523.56424782217402,218.81156621489959
Digestive System Diseases,2010,537.24516785152389,206.92406681366654
Digestive System Diseases,2011,531.7603588206407,218.02014370457698
Digestive System Diseases,2012,524.72789243846012,221.35324499412565
Digestive System Diseases,2013,521.89236113326228,217.33459197253504
Digestive System Diseases,2014,528.18189531653979,220.58769523285747
Digestive System Diseases,2015,527.87914885595524,219.65786711537842
Stomatognathic Diseases,1975,443.8357600465929,235.9455025001914
Stomatognathic Diseases,1976,514.58411747932701,211.99975280915882
Stomatognathic Diseases,1977,426.88058151609556,229.4327752060309
Stomatognathic Diseases,1978,536.18648874061716,199.06990298090105
Stomatognathic Diseases,1979,472.15555555555557,217.45428170070755
Stomatognathic Diseases,1980,449.47841191066999,221.42666688111467
Stomatognathic Diseases,1981,506.51925896308143,213.30521094682726
Stomatognathic Diseases,1982,530.20508808012164,198.68915524126646
Stomatognathic Diseases,1983,509.24059318282428,206.90514223726805
Stomatognathic Diseases,1984,513.42042975567188,211.12422315784559
Stomatognathic Diseases,1985,484.0857103422893,214.73241508968337
Stomatognathic Diseases,1986,515.03023283440245,210.29413318628536
Stomatognathic Diseases,1987,533.86890855457227,204.41096073383704
Stomatognathic Diseases,1988,571.78411064790691,175.8150051168418
Stomatognathic Diseases,1989,526.72467520015346,211.1165477088654
Stomatognathic Diseases,1990,523.78497429506149,205.55874258917578
Stomatognathic Diseases,1991,550.34362033874618,189.01512405207879
Stomatognathic Diseases,1992,549.40045493934144,191.27705363337188
Stomatognathic Diseases,1993,545.38091287002578,195.70065472837103
Stomatognathic Diseases,1994,539.38552747261451,196.5543900026548
Stomatognathic Diseases,1995,557.00654135606521,184.3049987206609
Stomatognathic Diseases,1996,551.68633815605608,194.22177932808441
Stomatognathic Diseases,1997,552.62168798730886,191.94839596697295
Stomatognathic Diseases,1998,563.47383075145876,176.5463423992895
Stomatognathic Diseases,1999,546.25342181823669,194.48850597879584
Stomatognathic Diseases,2000,554.52083333333337,187.56286765382569
Stomatognathic Diseases,2001,545.86621364992834,187.21238471814704
Stomatognathic Diseases,2002,552.90365987289067,189.55443757876847
Stomatognathic Diseases,2003,551.74881705645453,185.59465013036672
Stomatognathic Diseases,2004,543.75099387896762,185.51154355463285
Stomatognathic Diseases,2005,556.20998145943099,184.73251951063469
Stomatognathic Diseases,2006,548.66471512445219,190.59199349469998
Stomatognathic Diseases,2007,559.70144491270321,184.53363632803834
Stomatognathic Diseases,2008,526.37571516814683,197.77927459007077
Stomatognathic Diseases,2009,558.13085116402522,186.20489808823851
Stomatognathic Diseases,2011,529.13818942840123,200.28955324263612
Stomatognathic Diseases,2012,534.68577620778512,204.08027688772714
Stomatognathic Diseases,2013,553.01364813180351,182.53791962942111
Stomatognathic Diseases,2014,542.37697318806443,198.13853836194545
Stomatognathic Diseases,2015,552.33014112568492,189.02251393230375
Respiratory Tract Diseases,1975,482.63196864111501,206.19214613705844
Respiratory Tract Diseases,1976,470.30282747812458,210.64038957264037
Respiratory Tract Diseases,1977,466.03585322585667,203.82130542017734
Respiratory Tract Diseases,1978,489.49274336283185,206.39099521787904
Respiratory Tract Diseases,1979,452.88963928916002,211.93162869075715
Respiratory Tract Diseases,1980,483.15156422524842,196.0491586296182
Respiratory Tract Diseases,1981,435.82578600957356,218.69485097261779
Respiratory Tract Diseases,1982,500.80232624113478,193.93315362263675
Respiratory Tract Diseases,1983,508.83255692514877,196.1369266830869
Respiratory Tract Diseases,1984,461.70045341962287,214.24619971275385
Respiratory Tract Diseases,1985,496.28611166040474,204.341340334824
Respiratory Tract Diseases,1986,474.89170037662154,213.42053127910773
Respiratory Tract Diseases,1987,494.93215840254186,211.98446945972864
Respiratory Tract Diseases,1988,469.33385646795597,214.94925991096343
Respiratory Tract Diseases,1990,527.07387909224065,195.70206069234007
Respiratory Tract Diseases,1991,514.89750987209425,201.70443258854948
Respiratory Tract Diseases,1992,538.73835149761078,182.12380101683488
Respiratory Tract Diseases,1994,505.88973830036809,204.59716192498266
Respiratory Tract Diseases,1995,524.52295748276015,200.72799648676772
Respiratory Tract Diseases,1996,531.88794953210061,195.13956960154198
Respiratory Tract Diseases,1997,528.6499035274328,199.85853217606751
Respiratory Tract Diseases,1998,517.34551059141222,203.99983444161018
Respiratory Tract Diseases,1999,510.20823499935341,205.7147973374085
Respiratory Tract Diseases,2000,520.96324201558718,203.36309995632237
Respiratory Tract Diseases,2004,512.21220906227518,208.78944412864155
Respiratory Tract Diseases,2005,498.36707658815629,217.88290161339177
Respiratory Tract Diseases,2006,484.70426530372151,221.17155879473407
Respiratory Tract Diseases,2007,504.08187026881126,215.39754005914719
Respiratory Tract Diseases,2008,505.07451796365655,215.78856786737003
Respiratory Tract Diseases,2009,451.56023738872403,236.47866017391271
Respiratory Tract Diseases,2010,522.61033554308005,203.39138588060919
Respiratory Tract Diseases,2011,529.78796066908649,195.40500643526383
Respiratory Tract Diseases,2012,547.90309675896174,187.6888702693895
Respiratory Tract Diseases,2013,510.6424268768053,209.54085156213188
Respiratory Tract Diseases,2014,522.92650458889466,207.9219021377516
Otorhinolaryngologic Diseases,1977,507.79973316157526,204.9733084994366
Otorhinolaryngologic Diseases,1978,475.13115936801097,202.76816505732569
Otorhinolaryngologic Diseases,1979,483.28957816377169,197.37602367517619
Otorhinolaryngologic Diseases,1980,500.04145323468032,203.76731778078042
Otorhinolaryngologic Diseases,1981,487.07243947858473,198.92009108137933
Otorhinolaryngologic Diseases,1982,482.93852488974443,220.17998843400372
Otorhinolaryngologic Diseases,1983,556.05163234033716,170.36996653032304
Otorhinolaryngologic Diseases,1984,513.82897004955828,198.81706403233284
Otorhinolaryngologic Diseases,1985,507.79843191513896,181.16522746491947
Otorhinolaryngologic Diseases,1986,510.96587595749941,203.29316003518565
Otorhinolaryngologic Diseases,1991,544.69966625966629,181.76823455682708
Otorhinolaryngologic Diseases,1992,558.68898357491867,176.96203243752785
Otorhinolaryngologic Diseases,1993,558.66056904354207,174.07714689275551
Otorhinolaryngologic Diseases,1994,544.8496492661352,189.31411451686623
Otorhinolaryngologic Diseases,1995,505.89189583219434,203.94272888518793
Otorhinolaryngologic Diseases,1996,552.60681735687183,175.21943459015569
Otorhinolaryngologic Diseases,1997,510.37282559288894,200.5997574437487
Otorhinolaryngologic Diseases,1999,484.36321923690343,222.61389117712378
Otorhinolaryngologic Diseases,2000,545.50915081262428,192.75893982185744
Otorhinolaryngologic Diseases,2001,504.33706234833852,203.82645543853812
Otorhinolaryngologic Diseases,2004,517.92829712354114,206.69367924139613
Otorhinolaryngologic Diseases,2005,513.85657144593074,195.2126479753841
Otorhinolaryngologic Diseases,2006,528.69696882424944,196.89939440536568
Otorhinolaryngologic Diseases,2007,532.36690869931442,199.78403751074057
Otorhinolaryngologic Diseases,2009,525.19967171279995,205.01877631758046
Otorhinolaryngologic Diseases,2013,524.99221202498268,208.21243845181311
Otorhinolaryngologic Diseases,2014,519.4029133139303,204.24273114355179
Otorhinolaryngologic Diseases,2015,512.76416575338408,223.28363674030896
Nervous System Diseases,1975,309.06710869050437,181.01500493260207
Nervous System Diseases,1976,335.54041976980363,209.3536506771884
Nervous System Diseases,1977,384.61097398898806,224.27010345204931
Nervous System Diseases,1978,300.68032548677712,176.66141270614324
Nervous System Diseases,1979,360.26561264822135,214.22416212231843
Nervous System Diseases,1980,413.79653407560386,226.07586821767555
Nervous System Diseases,1981,394.17482574825749,223.4522908278025
Nervous System Diseases,1982,357.06605286605287,214.77021358202327
Nervous System Diseases,1983,384.64149143302183,226.39979954167543
Nervous System Diseases,1984,419.60400761831596,224.4012188412469
Nervous System Diseases,1985,323.35032826639855,216.13827926179354
Nervous System Diseases,1986,368.26531542531541,239.0216726968404
Nervous System Diseases,1987,347.04502515028832,219.75543518044566
Nervous System Diseases,1988,363.57722198671752,241.42065722673729
Nervous System Diseases,1989,426.19809487277843,225.16690758870732
Nervous System Diseases,1991,355.98762181003997,232.16338279247623
Nervous System Diseases,1992,466.0437523173897,231.17646756014742
Nervous System Diseases,1993,350.19157012893515,220.7543059710444
Nervous System Diseases,1994,384.4299801606661,239.29665001371359
Nervous System Diseases,1995,402.50036094974905,235.56373133718714
Nervous System Diseases,1996,375.10724615384618,255.62586470957689
Nervous System Diseases,1997,409.26978113914731,245.31480140901238
Nervous System Diseases,1998,396.55300035932447,253.04185843257528
Nervous System Diseases,1999,406.19456561250456,226.03054242746273
Nervous System Diseases,2000,421.2661448753571,238.3752196374825
Nervous System Diseases,2001,421.75700816869983,240.28350715963694
Nervous System Diseases,2002,389.8829254727475,235.68983638314035
Nervous System Diseases,2003,406.90597581497281,242.40255226106765
Nervous System Diseases,2004,410.1304702054199,242.49873346256283
Nervous System Diseases,2006,368.74183233869098,245.26142473266347
Nervous System Diseases,2007,449.33057855718374,251.36935373981896
Nervous System Diseases,2008,384.16834326875312,244.69231629744405
Nervous System Diseases,2009,394.43689583215837,249.96961644286131
Nervous System Diseases,2010,313.03718164146159,232.71442060038936
Nervous System Diseases,2011,408.40407996736025,244.45223735794059
Nervous System Diseases,2013,381.12080152671757,247.1069763923748
Nervous System Diseases,2014,372.54485679792106,256.21217586322916
Nervous System Diseases,2015,375.04901399230835,259.74162527047821
Eye Diseases,1975,352.14997684113013,200.25467069347593
Eye Diseases,1976,356.66057030481807,215.63072760436313
Eye Diseases,1977,448.42209886333598,207.01740550879705
Eye Diseases,1978,336.7937992125984,218.61364828273474
Eye Diseases,1979,335.13143032535299,186.3526521524513
Eye Diseases,1980,358.85526007222927,222.11125408149084
Eye Diseases,1981,379.58480584642234,209.00601523599042
Eye Diseases,1982,393.05176704828273,224.41596381077957
Eye Diseases,1983,451.42622818358115,226.62206401681266
Eye Diseases,1984,324.27524360965964,191.1560348244227
Eye Diseases,1985,369.29395649044602,207.11025187757872
Eye Diseases,1986,379.33244156334138,211.5346633544693
Eye Diseases,1987,435.79635114322946,223.38746940882231
Eye Diseases,1988,405.60725475412585,215.63482043455636
Eye Diseases,1990,442.59208250352958,214.90381427875937
Eye Diseases,1991,482.34970808290257,220.11579688242637
Eye Diseases,1992,458.61835719888848,219.22039108690805
Eye Diseases,1993,445.15728014951128,225.11731994230828
Eye Diseases,1994,481.09526341061871,222.76032706395884
Eye Diseases,1995,446.47659402744148,224.27182368563618
Eye Diseases,1996,467.02289178106616,221.68139741366869
Eye Diseases,1997,418.3387745974955,232.64155123018031
Eye Diseases,1998,446.0192724087205,235.4506996233157
Eye Diseases,1999,446.54988427686402,234.38678979176763
Eye Diseases,2000,424.71834147465296,234.69910692346645
Eye Diseases,2001,454.42573550994604,220.72373373177871
Eye Diseases,2002,485.24059885955438,218.14311746699144
Eye Diseases,2003,471.61054416310986,227.15154978897456
Eye Diseases,2004,462.910258157317,218.58215705483735
Eye Diseases,2005,439.22108867845867,235.99999363466731
Eye Diseases,2006,437.53036437246965,238.36058299516185
Eye Diseases,2007,446.92786993508327,238.05629913642795
Eye Diseases,2008,470.36647503678608,232.89941321911562
Eye Diseases,2010,432.75495785041613,240.67154784792902
Eye Diseases,2011,422.30844789307258,237.72759564276041
Eye Diseases,2012,430.11378897931797,233.59162574079815
Eye Diseases,2013,440.27692502969256,241.6372196545689
Eye Diseases,2014,451.28882912878305,234.65854001860174
Eye Diseases,2015,462.29273144040224,235.83774731199131
Male Urogenital Diseases,1975,343.8386829943716,214.19632035431081
Male Urogenital Diseases,1976,344.95943097997895,232.69526814429818
Male Urogenital Diseases,1977,351.90380960999005,231.22824142060631
Male Urogenital Diseases,1978,383.76333221813314,238.39053806463411
Male Urogenital Diseases,1979,430.47318305479985,234.14080616900645
Male Urogenital Diseases,1980,362.55902387903285,231.89186551911331
Male Urogenital Diseases,1981,351.04380691625499,248.72712815490846
Male Urogenital Diseases,1982,377.93811164048418,250.92888563061078
Male Urogenital Diseases,1983,403.18396700677738,236.83275120778509
Male Urogenital Diseases,1984,333.00860503670958,243.51482378866942
Male Urogenital Diseases,1985,370.92167018741196,246.04472804337081
Male Urogenital Diseases,1986,414.6991893557074,256.54565173020183
Male Urogenital Diseases,1987,459.02601051295994,234.63031099706106
Male Urogenital Diseases,1988,434.30862365148079,236.87126729185314
Male Urogenital Diseases,1989,426.48225560422401,248.11370667671682
Male Urogenital Diseases,1990,430.98628792078091,250.5183312472009
Male Urogenital Diseases,1992,460.69644923002625,240.91703312023759
Male Urogenital Diseases,1993,438.61429728124943,248.49946304428784
Male Urogenital Diseases,1994,451.40844953847812,245.3845835266722
Male Urogenital Diseases,1995,461.17189044126314,246.29698021005223
Male Urogenital Diseases,1996,423.88586551184892,247.80283317747367
Male Urogenital Diseases,1998,489.37922169469033,233.81542625264848
Male Urogenital Diseases,1999,471.64505730562735,239.37681168005406
Male Urogenital Diseases,2000,457.17872593798518,242.37222524822025
Male Urogenital Diseases,2001,466.41491841491842,239.34449374435977
Male Urogenital Diseases,2002,447.06557946967541,249.66700546752421
Male Urogenital Diseases,2003,486.25662773549169,233.14827291695562
Male Urogenital Diseases,2004,435.44648940438412,248.92131535944139
Male Urogenital Diseases,2005,440.63539089462154,250.4655622185075
Male Urogenital Diseases,2006,468.71777833119728,238.49486129166007
Male Urogenital Diseases,2007,479.1893636525237,235.40940550244682
Male Urogenital Diseases,2008,478.43145292039077,230.93263569228532
Male Urogenital Diseases,2009,442.60596329149644,247.89534757197347
Male Urogenital Diseases,2010,490.75588518060704,232.07998351283155
Male Urogenital Diseases,2011,499.48542210386154,222.41390223084019
Male Urogenital Diseases,2012,453.02965472157842,248.50400740235847
Male Urogenital Diseases,2014,492.43745416361088,225.65031147831729
Female Urogenital Diseases and Pregnancy Complications,1975,441.34969136395978,222.27299413847862
Female Urogenital Diseases and Pregnancy Complications,1976,417.91751848280296,226.58469888629108
Female Urogenital Diseases and Pregnancy Complications,1977,343.87928225947923,239.82392710882664
Female Urogenital Diseases and Pregnancy Complications,1978,452.56940570692984,231.68182544044438
Female Urogenital Diseases and Pregnancy Complications,1979,352.40101115760109,217.7056110628258
Female Urogenital Diseases and Pregnancy Complications,1980,400.00430469773534,224.19910466199673
Female Urogenital Diseases and Pregnancy Complications,1981,409.57310413850018,236.8615138581161
Female Urogenital Diseases and Pregnancy Complications,1982,378.43975069252076,243.39609396698745
Female Urogenital Diseases and Pregnancy Complications,1983,402.73302588615479,242.01733199651977
Female Urogenital Diseases and Pregnancy Complications,1984,421.63929093697612,236.03483632496034
Female Urogenital Diseases and Pregnancy Complications,1985,482.26795282134708,216.33827654648641
Female Urogenital Diseases and Pregnancy Complications,1986,354.93980034284561,241.59479202598718
Female Urogenital Diseases and Pregnancy Complications,1987,411.05461778914463,236.9049955898663
Female Urogenital Diseases and Pregnancy Complications,1988,432.34089347079038,245.93847738658772
Female Urogenital Diseases and Pregnancy Complications,1989,435.5725952629287,239.72526543558351
Female Urogenital Diseases and Pregnancy Complications,1990,455.6164636950827,239.90164106915671
Female Urogenital Diseases and Pregnancy Complications,1991,469.07216353622812,233.96855678407593
Female Urogenital Diseases and Pregnancy Complications,1992,487.56672281247302,227.30475545767237
Female Urogenital Diseases and Pregnancy Complications,1993,471.79527822131053,229.90658410746548
Female Urogenital Diseases and Pregnancy Complications,1994,494.43524165673773,228.97683244746523
Female Urogenital Diseases and Pregnancy Complications,1995,481.88769535549199,240.23674359129305
Female Urogenital Diseases and Pregnancy Complications,1996,500.0083128801985,229.01891578401947
Female Urogenital Diseases and Pregnancy Complications,1997,495.95799333409951,227.80806689130563
Female Urogenital Diseases and Pregnancy Complications,1998,500.70450440159073,220.46810769163247
Female Urogenital Diseases and Pregnancy Complications,1999,518.34850077983981,212.3838148133876
Female Urogenital Diseases and Pregnancy Complications,2000,526.25233036590885,212.45783488393607
Female Urogenital Diseases and Pregnancy Complications,2001,489.7302759023089,229.34406301139609
Female Urogenital Diseases and Pregnancy Complications,2002,531.40388347664225,203.99811546889907
Female Urogenital Diseases and Pregnancy Complications,2003,517.95210929385269,214.95092115196053
Female Urogenital Diseases and Pregnancy Complications,2004,514.57128913224619,221.33698291180116
Female Urogenital Diseases and Pregnancy Complications,2005,525.33175795529155,208.56835864747148
Female Urogenital Diseases and Pregnancy Complications,2006,516.94622926732791,212.49266204393248
Female Urogenital Diseases and Pregnancy Complications,2007,483.8864317506472,236.85286819719468
Female Urogenital Diseases and Pregnancy Complications,2008,486.53521886014659,239.58066003619689
Female Urogenital Diseases and Pregnancy Complications,2009,502.58910318167221,221.28178184320484
Female Urogenital Diseases and Pregnancy Complications,2010,514.13802548254137,215.44539492333203
Female Urogenital Diseases and Pregnancy Complications,2011,522.0593112791754,219.53031325382088
Female Urogenital Diseases and Pregnancy Complications,2012,508.7478471474704,213.74300688097685
Female Urogenital Diseases and Pregnancy Complications,2013,508.1414393058638,215.5068691533254
Female Urogenital Diseases and Pregnancy Complications,2014,516.48836985448168,211.05084915409816
Female Urogenital Diseases and Pregnancy Complications,2015,521.92281034321638,210.33274929113583
Cardiovascular Diseases,1975,319.45237073589357,200.956516066083
Cardiovascular Diseases,1976,351.0639388921532,202.04255063934002
Cardiovascular Diseases,1977,295.64904902391561,189.85145533986309
Cardiovascular Diseases,1978,293.20176348547716,202.50948048347462
Cardiovascular Diseases,1979,282.4295927042275,199.10364551972333
Cardiovascular Diseases,1980,282.01997928074587,200.04127915091138
Cardiovascular Diseases,1981,230.47312348668279,173.3524454819094
Cardiovascular Diseases,1982,306.20530672236407,215.88075202197524
Cardiovascular Diseases,1983,329.12924254369938,217.15346618132142
Cardiovascular Diseases,1984,274.86206658616527,196.90155713734805
Cardiovascular Diseases,1985,275.3099531119708,193.02870670307067
Cardiovascular Diseases,1986,198.7975084041922,193.2974676783532
Cardiovascular Diseases,1987,336.44857872884063,237.47811499115832
Cardiovascular Diseases,1988,300.90767072189999,224.13663586810551
Cardiovascular Diseases,1989,330.27907123819847,216.50786545742076
Cardiovascular Diseases,1990,271.24104864567295,218.09810001164689
Cardiovascular Diseases,1991,322.80240156668731,222.69472767000684
Cardiovascular Diseases,1992,291.02010468712825,207.64392918006394
Cardiovascular Diseases,1993,317.21648410097174,236.01269024533599
Cardiovascular Diseases,1994,374.22022935713142,235.54787031424652
Cardiovascular Diseases,1995,292.24657315457682,226.50677752555552
Cardiovascular Diseases,1996,288.90409118799784,223.0523176655017
Cardiovascular Diseases,1997,258.38778677952666,214.50776923533857
Cardiovascular Diseases,1998,348.69700344097674,234.58136517169268
Cardiovascular Diseases,1999,345.69849679002033,225.83967369869305
Cardiovascular Diseases,2000,313.79561200923786,245.38074492313945
Cardiovascular Diseases,2001,364.68591873764041,246.26252872765366
Cardiovascular Diseases,2002,323.66936220760232,254.81474239949881
Cardiovascular Diseases,2003,343.09497335161905,229.90919310270922
Cardiovascular Diseases,2004,422.24679082769825,232.23798481266698
Cardiovascular Diseases,2005,371.27608946760472,242.88597317412555
Cardiovascular Diseases,2006,289.62839565356342,230.91630548334615
Cardiovascular Diseases,2008,362.76215373325994,240.06486342008355
Cardiovascular Diseases,2009,350.08289435752289,253.21990971263196
Cardiovascular Diseases,2010,389.01567363703293,243.45832601271846
Cardiovascular Diseases,2013,259.3767399267399,229.96151522674651
Cardiovascular Diseases,2014,293.34061651413055,237.50086833396472
Cardiovascular Diseases,2015,370.7060267874823,253.62591365669618
Hemic and Lymphatic Diseases,1975,449.90661019302877,215.24549862072169
Hemic and Lymphatic Diseases,1976,362.45951569277059,219.47659627012047
Hemic and Lymphatic Diseases,1977,382.84355175688506,220.12418468342298
Hemic and Lymphatic Diseases,1978,457.55241345685033,227.5805830184197
Hemic and Lymphatic Diseases,1979,417.74822819803973,227.99935919427227
Hemic and Lymphatic Diseases,1980,395.40033922561156,235.13648950735322
Hemic and Lymphatic Diseases,1981,402.27550216395838,244.49647695505632
Hemic and Lymphatic Diseases,1982,392.67326167108064,227.44378434175312
Hemic and Lymphatic Diseases,1984,388.88217998529876,234.71088925261739
Hemic and Lymphatic Diseases,1985,423.23930140193062,236.50661163375662
Hemic and Lymphatic Diseases,1986,365.1166057752572,238.63348639451902
Hemic and Lymphatic Diseases,1987,447.5444502957638,230.60740914709504
Hemic and Lymphatic Diseases,1988,428.26890208429455,239.39172687188295
Hemic and Lymphatic Diseases,1989,478.28802200550138,228.12344628310979
Hemic and Lymphatic Diseases,1990,452.02183981921092,235.22934117520683
Hemic and Lymphatic Diseases,1991,452.66693696953064,239.30295011853499
Hemic and Lymphatic Diseases,1992,483.70394318686198,234.70637086443486
Hemic and Lymphatic Diseases,1993,481.37933974679788,232.98449304167949
Hemic and Lymphatic Diseases,1994,457.52034008432986,247.62399631391816
Hemic and Lymphatic Diseases,1995,500.51028049144998,223.96557201128752
Hemic and Lymphatic Diseases,1996,494.79455841229213,225.06148613257335
Hemic and Lymphatic Diseases,1997,488.76695954622204,224.87415890910981
Hemic and Lymphatic Diseases,1998,509.80616888982127,220.38535753071346
Hemic and Lymphatic Diseases,1999,515.74649978938044,216.53904303712065
Hemic and Lymphatic Diseases,2000,478.64734761805698,236.63900748495846
Hemic and Lymphatic Diseases,2001,488.18466908693398,233.99232731229432
Hemic and Lymphatic Diseases,2002,511.15028021480055,214.7884226943973
Hemic and Lymphatic Diseases,2003,499.8057209737828,222.33032019667516
Hemic and Lymphatic Diseases,2004,513.09881353320566,214.36862733258468
Hemic and Lymphatic Diseases,2005,495.74733174617319,218.2408353709331
Hemic and Lymphatic Diseases,2006,480.32902549772967,213.92684226507913
Hemic and Lymphatic Diseases,2007,488.77963437737179,223.31457184208134
Hemic and Lymphatic Diseases,2008,508.49551254273194,212.32100956951001
Hemic and Lymphatic Diseases,2009,530.21586715867159,200.57188663271472
Hemic and Lymphatic Diseases,2010,477.28503850385039,221.77919624081443
Hemic and Lymphatic Diseases,2014,508.50219598243211,213.74696207775031
"Congenital, Hereditary, and Neonatal Diseases and Abnormalities",1975,372.73022449583561,218.95786246668297
"Congenital, Hereditary, and Neonatal Diseases and Abnormalities",1976,354.87069716775596,221.67739015723134
"Congenital, Hereditary, and Neonatal Diseases and Abnormalities",1977,366.11873278236914,215.41483384581107
"Congenital, Hereditary, and Neonatal Diseases and Abnormalities",1978,307.85661157024794,225.17289889868167
"Congenital, Hereditary, and Neonatal Diseases and Abnormalities",1979,355.60121168923735,228.28118180173016
"Congenital, Hereditary, and Neonatal Diseases and Abnormalities",1980,409.89076996652318,231.20514765502287
"Congenital, Hereditary, and Neonatal Diseases and Abnormalities",1981,352.61135190918475,236.24481298720576
"Congenital, Hereditary, and Neonatal Diseases and Abnormalities",1982,396.46040130589489,222.03717094754452
"Congenital, Hereditary, and Neonatal Diseases and Abnormalities",1983,450.92700490998362,215.48769137804021
"Congenital, Hereditary, and Neonatal Diseases and Abnormalities",1984,389.53750926612304,211.6039718049748
"Congenital, Hereditary, and Neonatal Diseases and Abnormalities",1985,356.73463511420829,214.57777705238934
"Congenital, Hereditary, and Neonatal Diseases and Abnormalities",1986,349.11452781194481,222.57126541221203
"Congenital, Hereditary, and Neonatal Diseases and Abnormalities",1987,434.04931287219421,242.28096496271809
"Congenital, Hereditary, and Neonatal Diseases and Abnormalities",1988,402.68019639934533,231.33118404341224
"Congenital, Hereditary, and Neonatal Diseases and Abnormalities",1989,389.50335004376541,234.90462116848369
"Congenital, Hereditary, and Neonatal Diseases and Abnormalities",1990,463.86678074866307,236.11654210168564
"Congenital, Hereditary, and Neonatal Diseases and Abnormalities",1991,394.91626963687872,238.35205658539465
"Congenital, Hereditary, and Neonatal Diseases and Abnormalities",1992,437.67158243579121,222.35166923690164
"Congenital, Hereditary, and Neonatal Diseases and Abnormalities",1993,397.68023876435092,239.57036920465271
"Congenital, Hereditary, and Neonatal Diseases and Abnormalities",1994,430.74934373818985,240.04438432320646
"Congenital, Hereditary, and Neonatal Diseases and Abnormalities",1995,401.04218800912349,239.01109699013421
"Congenital, Hereditary, and Neonatal Diseases and Abnormalities",1996,381.1580282839754,244.00162012831413
"Congenital, Hereditary, and Neonatal Diseases and Abnormalities",1997,405.4742585425742,238.28848833702634
"Congenital, Hereditary, and Neonatal Diseases and Abnormalities",1998,392.94677636478201,246.30170095381311
"Congenital, Hereditary, and Neonatal Diseases and Abnormalities",1999,426.22738078496764,231.25176570035515
"Congenital, Hereditary, and Neonatal Diseases and Abnormalities",2001,435.13623933448849,243.94720058247717
"Congenital, Hereditary, and Neonatal Diseases and Abnormalities",2002,406.65165450514252,242.8315448069946
"Congenital, Hereditary, and Neonatal Diseases and Abnormalities",2003,404.72926601215522,241.78585373875734
"Congenital, Hereditary, and Neonatal Diseases and Abnormalities",2004,399.40256634876556,253.24623348693319
"Congenital, Hereditary, and Neonatal Diseases and Abnormalities",2005,411.81690970082838,240.71440523635795
"Congenital, Hereditary, and Neonatal Diseases and Abnormalities",2006,389.74085197114732,233.95967464116521
"Congenital, Hereditary, and Neonatal Diseases and Abnormalities",2007,356.29872679342645,241.42624514989478
"Congenital, Hereditary, and Neonatal Diseases and Abnormalities",2008,386.95601937744794,240.93111774441792
"Congenital, Hereditary, and Neonatal Diseases and Abnormalities",2009,381.04220400603651,242.20662268265778
"Congenital, Hereditary, and Neonatal Diseases and Abnormalities",2010,398.81284276522024,237.05546430242342
"Congenital, Hereditary, and Neonatal Diseases and Abnormalities",2011,356.01066981305627,237.6746620509274
"Congenital, Hereditary, and Neonatal Diseases and Abnormalities",2012,396.64024507368771,239.11207193696976
"Congenital, Hereditary, and Neonatal Diseases and Abnormalities",2013,393.22916468974563,240.66186207854182
"Congenital, Hereditary, and Neonatal Diseases and Abnormalities",2014,377.67968488830104,236.91198851966118
"Congenital, Hereditary, and Neonatal Diseases and Abnormalities",2015,377.00380225403944,236.25462223688842
Skin and Connective Tissue Diseases,1975,377.72676888014087,220.58146599444646
Skin and Connective Tissue Diseases,1976,406.79954773869349,232.38512928187387
Skin and Connective Tissue Diseases,1978,387.53182526055184,232.03609849263617
Skin and Connective Tissue Diseases,1980,405.69646441253667,214.52772133694467
Skin and Connective Tissue Diseases,1981,393.75674412080974,230.50472921454096
Skin and Connective Tissue Diseases,1982,393.55295959912308,237.52020174049738
Skin and Connective Tissue Diseases,1983,435.09316347523344,227.13745527396134
Skin and Connective Tissue Diseases,1984,384.55556827723075,239.5826675724833
Skin and Connective Tissue Diseases,1985,398.36484077660549,235.10609001822044
Skin and Connective Tissue Diseases,1987,400.7731064273479,240.80250453054435
Skin and Connective Tissue Diseases,1988,483.46391114236792,220.20931631488776
Skin and Connective Tissue Diseases,1990,463.70289855072463,227.08891756672418
Skin and Connective Tissue Diseases,1991,467.93730108629893,233.38510862283155
Skin and Connective Tissue Diseases,1992,496.52872404312876,209.34258948984407
Skin and Connective Tissue Diseases,1993,473.31576889491311,228.61007063003899
Skin and Connective Tissue Diseases,1995,488.47180825565914,220.13040835259318
Skin and Connective Tissue Diseases,1997,474.60589064868668,230.53519244948379
Skin and Connective Tissue Diseases,1999,448.9651359735094,232.84103098080897
Skin and Connective Tissue Diseases,2000,488.05396396446696,220.65198919515456
Skin and Connective Tissue Diseases,2002,498.03550732871264,212.49308306753511
Skin and Connective Tissue Diseases,2006,524.42928163211457,202.7103939585825
Skin and Connective Tissue Diseases,2007,480.79436819338298,229.00931907410856
Skin and Connective Tissue Diseases,2011,493.89887547294956,219.01566685957269
Skin and Connective Tissue Diseases,2014,493.54773041646274,225.36399311506179
Skin and Connective Tissue Diseases,2015,492.4796663385124,219.60897881343601
Nutritional and Metabolic Diseases,1975,233.55247629083246,190.73581126770497
Nutritional and Metabolic Diseases,1976,281.6153730305839,201.89745642879893
Nutritional and Metabolic Diseases,1977,226.5765433993146,200.85908131213415
Nutritional and Metabolic Diseases,1978,201.10647628760836,177.45730302252051
Nutritional and Metabolic Diseases,1979,308.56497938616582,218.89132728825248
Nutritional and Metabolic Diseases,1980,237.06678897102466,204.14803876195305
Nutritional and Metabolic Diseases,1981,194.11962173835084,174.24538266519676
Nutritional and Metabolic Diseases,1982,259.69544195201269,212.74587184089606
Nutritional and Metabolic Diseases,1983,233.3064199663834,197.05599402494329
Nutritional and Metabolic Diseases,1984,221.46910585362772,206.94657548261762
Nutritional and Metabolic Diseases,1985,292.36751135679492,223.58551269306528
Nutritional and Metabolic Diseases,1986,196.98548658727296,212.21179241334033
Nutritional and Metabolic Diseases,1987,272.90368412606068,211.31027066459168
Nutritional and Metabolic Diseases,1988,215.166490102258,193.3469329747611
Nutritional and Metabolic Diseases,1989,236.98190075469176,214.13333590226995
Nutritional and Metabolic Diseases,1990,227.15909758399556,206.57778011053449
Nutritional and Metabolic Diseases,1991,289.66173463583226,205.79353323083782
Nutritional and Metabolic Diseases,1992,269.61798876638778,241.28175570121061
Nutritional and Metabolic Diseases,1993,257.6963652740248,210.35702561061692
Nutritional and Metabolic Diseases,1994,241.34317415730337,215.88926676778127
Nutritional and Metabolic Diseases,1995,310.51469405574318,247.28552870699468
Nutritional and Metabolic Diseases,1996,327.38051131467239,246.70092482911471
Nutritional and Metabolic Diseases,1997,318.92134045115716,247.83403185059584
Nutritional and Metabolic Diseases,1998,277.55690268893829,237.65143473125644
Nutritional and Metabolic Diseases,1999,295.63538017758475,242.54182329461847
Nutritional and Metabolic Diseases,2000,318.50399312724915,253.99634724747909
Nutritional and Metabolic Diseases,2001,358.88118047328493,247.34735459924732
Nutritional and Metabolic Diseases,2003,325.4383559423672,258.17115006051182
Nutritional and Metabolic Diseases,2004,312.4145348508012,240.53310900438353
Nutritional and Metabolic Diseases,2005,294.56236780844694,245.43288337943741
Nutritional and Metabolic Diseases,2006,318.99185931938683,246.47689469486704
Nutritional and Metabolic Diseases,2009,338.01966231622532,253.36383837473244
Nutritional and Metabolic Diseases,2010,347.22366159099784,257.89322901018431
Nutritional and Metabolic Diseases,2011,373.03104863736013,249.78570538639005
Nutritional and Metabolic Diseases,2012,345.26156973264165,252.43497826325134
Nutritional and Metabolic Diseases,2013,351.86735651903734,258.70277322127703
Nutritional and Metabolic Diseases,2014,323.77935807842351,251.66711891153119
Nutritional and Metabolic Diseases,2015,327.31257107159411,256.29624754740115
Endocrine System Diseases,1975,202.18336408117429,181.71294978656303
Endocrine System Diseases,1976,242.16375978308943,189.59092466846863
Endocrine System Diseases,1977,240.70618291553788,194.32542832067554
Endocrine System Diseases,1978,236.31463831403076,181.24028579868764
Endocrine System Diseases,1979,184.39088266532505,146.67591042319063
Endocrine System Diseases,1980,249.34326882801375,210.90115884901576
Endocrine System Diseases,1981,222.53290726817042,185.75487848781788
Endocrine System Diseases,1982,267.24179142838784,209.59692381071653
Endocrine System Diseases,1983,215.76781823058099,209.73131838521354
Endocrine System Diseases,1984,211.90283433133732,200.28725741042172
Endocrine System Diseases,1985,217.57660564004135,175.29912808053859
Endocrine System Diseases,1986,224.83757746185492,207.85456226536888
Endocrine System Diseases,1987,216.21703608092417,204.81553566594746
Endocrine System Diseases,1988,232.14374713240943,202.61609248197055
Endocrine System Diseases,1989,230.89307960428039,211.35911295151195
Endocrine System Diseases,1990,263.23087875239514,227.41266145334987
Endocrine System Diseases,1991,227.29892200380471,206.07687384648315
Endocrine System Diseases,1992,290.82646447964368,233.63899959499707
Endocrine System Diseases,1993,248.54574988609576,209.39611518797531
Endocrine System Diseases,1994,228.93227933356965,207.73600831101348
Endocrine System Diseases,1995,240.18622529733642,217.20190948424474
Endocrine System Diseases,1997,241.75475272960821,220.48421999487863
Endocrine System Diseases,1998,237.44138782028017,205.24047265438119
Endocrine System Diseases,1999,257.71163209671687,228.23341391700768
Endocrine System Diseases,2000,284.05988358273311,232.99293788033987
Endocrine System Diseases,2001,236.80429515594744,225.23403700623467
Endocrine System Diseases,2002,294.62906949196434,228.30308738410713
Endocrine System Diseases,2003,261.59208992188991,228.92332844400502
Endocrine System Diseases,2004,294.84055528346818,239.86145798933543
Endocrine System Diseases,2005,311.96328371518729,247.64737425134624
Endocrine System Diseases,2006,255.82666390213561,216.58595905720091
Endocrine System Diseases,2007,261.55934547661951,232.30028279198029
Endocrine System Diseases,2008,321.08121640301027,250.69595746858772
Endocrine System Diseases,2009,296.34345331005738,244.16142549184261
Endocrine System Diseases,2010,319.74657615668718,247.37208085198998
Endocrine System Diseases,2011,337.37565702794535,248.79930180606038
Endocrine System Diseases,2012,307.45217290799815,239.15056047899503
Endocrine System Diseases,2014,302.98711225448966,243.13345444548608
Endocrine System Diseases,2015,308.39483393167603,239.61717495893799
Immune System Diseases,1975,394.33414836303359,226.24252116905936
Immune System Diseases,1976,379.83999064377991,220.72836668147511
Immune System Diseases,1977,466.78845017400249,212.72593031622441
Immune System Diseases,1978,378.65949377524942,218.22938776964276
Immune System Diseases,1979,395.99565516912099,230.81478412591298
Immune System Diseases,1980,413.3279182207487,225.88030287994937
Immune System Diseases,1981,410.0257460755563,226.70184753026493
Immune System Diseases,1982,372.59657187846113,245.55144830086252
Immune System Diseases,1983,392.11350086785905,230.58368615621239
Immune System Diseases,1984,419.18928496393306,236.03999355680742
Immune System Diseases,1985,409.02598884536059,217.96922633986262
Immune System Diseases,1986,415.47488814534432,230.60452716170468
Immune System Diseases,1987,473.0909734819038,245.40388905742651
Immune System Diseases,1988,495.53717185166528,238.83616758742846
Immune System Diseases,1990,471.54196477710514,257.5957025262187
Immune System Diseases,1991,482.31638614672767,251.65401221834125
Immune System Diseases,1992,462.73898891605592,270.09254043489619
Immune System Diseases,1993,450.43822399285938,274.98467882602495
Immune System Diseases,1995,463.75551011021861,269.88294605625913
Immune System Diseases,1996,472.00573965994357,264.8938938456908
Immune System Diseases,1997,436.13949368226986,284.89422135078917
Immune System Diseases,1998,423.07035421647169,292.94675700125089
Immune System Diseases,1999,414.04461555612181,293.88959220840087
Immune System Diseases,2001,468.85680209013384,266.54128316538464
Immune System Diseases,2002,462.59295662246268,270.30965440675016
Immune System Diseases,2003,472.10456946530013,264.99843588702464
Immune System Diseases,2006,451.68102200341298,277.83673902084536
Immune System Diseases,2007,414.24919124651581,294.05287174183871
Immune System Diseases,2008,440.84730838599535,285.47523468774875
Immune System Diseases,2009,434.49262609733756,284.81686298589159
Immune System Diseases,2010,413.15243990070365,295.192883517854
Immune System Diseases,2011,413.79272819818726,291.69812921594632
Immune System Diseases,2012,422.52256966622258,290.6184001212913
Immune System Diseases,2014,405.15748288898925,296.57671093299069
Immune System Diseases,2015,434.78749034178037,286.63322562696135
Disorders of Environmental Origin,1994,363.57142857142856,187.63174963046032
Disorders of Environmental Origin,1995,1.0,0.0
Disorders of Environmental Origin,1996,319.98449612403101,228.22062867343823
Disorders of Environmental Origin,1998,408.90942028985506,199.06830754964093
Disorders of Environmental Origin,1999,260.42424242424244,227.22189140310397
Disorders of Environmental Origin,2001,393.86459627329191,218.02284599549589
Disorders of Environmental Origin,2002,447.56453634085216,220.1393730785604
Disorders of Environmental Origin,2003,431.95567375886526,260.87887767185407
Disorders of Environmental Origin,2004,390.58340649692713,225.79580429729887
Disorders of Environmental Origin,2006,267.56472261735422,244.08262599894118
Disorders of Environmental Origin,2007,359.61062801932366,290.51653495991036
Disorders of Environmental Origin,2008,381.68807017543861,280.37213472072204
Disorders of Environmental Origin,2009,427.09326923076924,262.97503163302224
Disorders of Environmental Origin,2010,410.05714285714288,230.63381937490385
Disorders of Environmental Origin,2011,387.90028490028487,282.77825723250294
Disorders of Environmental Origin,2012,326.31076923076921,278.53333241936957
Disorders of Environmental Origin,2013,335.00110741971207,203.78541957221657
Disorders of Environmental Origin,2014,296.26666666666665,235.08791736048218
Disorders of Environmental Origin,2015,378.56815114709849,229.65134580941242
Animal Diseases,1975,404.58927852329464,193.23590726383537
Animal Diseases,1976,423.42712951761314,193.54449086809336
Animal Diseases,1977,413.8305048902987,194.64493133237715
Animal Diseases,1978,433.5201245055211,195.11239538009789
Animal Diseases,1979,432.17174897861094,199.30891379978095
Animal Diseases,1981,428.99585695020335,200.30184748476054
Animal Diseases,1982,437.77317938072997,195.65492707972891
Animal Diseases,1983,426.70157401210781,197.3425952874037
Animal Diseases,1985,446.67981594346634,200.71497031302832
Animal Diseases,1986,412.89379097913582,202.84124179136586
Animal Diseases,1987,437.66389469705814,198.85174989430556
Animal Diseases,1988,433.04250646089423,201.86224245909912
Animal Diseases,1989,435.75264753052494,197.25472158942461
Animal Diseases,1991,447.049056938099,198.28010885293756
Animal Diseases,1992,449.73047196518809,200.2779458639489
Animal Diseases,1994,442.54538758933467,204.35790632493561
Animal Diseases,1995,430.37443253278025,203.57749151196597
Animal Diseases,1996,438.9038147736938,202.02889281612775
Animal Diseases,2003,434.82575215042954,205.44454777671669
Animal Diseases,2004,436.65135854008821,209.05987062036579
"Pathological Conditions, Signs and Symptoms",1976,356.03433729391179,231.45057634755273
"Pathological Conditions, Signs and Symptoms",1978,384.52502695210228,221.80357674005077
"Pathological Conditions, Signs and Symptoms",1980,385.77729190640582,235.60005392490044
"Pathological Conditions, Signs and Symptoms",1981,372.23431230942066,220.56932932824472
"Pathological Conditions, Signs and Symptoms",1982,387.08572582351019,223.47806537078469
"Pathological Conditions, Signs and Symptoms",1983,347.13590660892487,232.18542891751099
"Pathological Conditions, Signs and Symptoms",1984,388.85208674664835,243.38143361009219
"Pathological Conditions, Signs and Symptoms",1989,382.45331747551558,234.88675267352471
"Pathological Conditions, Signs and Symptoms",1992,373.56477080551849,235.64015070548231
"Pathological Conditions, Signs and Symptoms",1993,453.26162462253762,229.91121943141522
"Pathological Conditions, Signs and Symptoms",1995,437.20438643702909,236.39489191794388
"Pathological Conditions, Signs and Symptoms",2004,476.66139140321553,221.22669552924171
"Pathological Conditions, Signs and Symptoms",2008,422.2228836693688,238.04767185166043
Occupational Diseases,1975,463.57313664596273,213.88821474965607
Occupational Diseases,1976,507.23326351068289,196.54658629963509
Occupational Diseases,1978,458.56596442231802,217.78735677609231
Occupational Diseases,1980,434.88070351758796,217.32737743880702
Occupational Diseases,1981,534.07139693506952,179.23769705784622
Occupational Diseases,1982,455.71955564192251,203.47024861772317
Occupational Diseases,1983,429.20657034743721,228.66353603547833
Occupational Diseases,1986,475.81850386455648,221.19419555559216
Occupational Diseases,1988,526.94226917830088,208.82907889512501
Occupational Diseases,1989,551.08603365010129,175.5695583507609
Occupational Diseases,1991,540.72762187577337,192.72750194805721
Occupational Diseases,1992,540.2138596852883,202.33038069523317
Occupational Diseases,1993,516.61309479464887,218.29779049612944
Occupational Diseases,1994,550.9732774988023,185.1110094446079
Occupational Diseases,1996,538.68182002226945,190.89360941340499
Occupational Diseases,1997,535.0796077177273,187.96036203302472
Occupational Diseases,1998,549.79614946795346,183.07074279125942
Occupational Diseases,1999,527.68830536112,198.00119632986775
Occupational Diseases,2000,529.66735176762393,189.48559243142088
Occupational Diseases,2001,543.56976425438597,186.08954330042485
Occupational Diseases,2002,541.06869461077849,179.36991661268416
Occupational Diseases,2003,517.75253707136233,194.35311576319691
Occupational Diseases,2005,527.9834051626367,184.98910268896682
Occupational Diseases,2007,504.69847004772737,198.97201775675657
Occupational Diseases,2008,529.56442824917576,194.14524984427817
Occupational Diseases,2009,527.60441449977191,197.98473259949063
Occupational Diseases,2010,493.03648337251872,205.00973955320868
Occupational Diseases,2011,510.31793404579582,209.04877744009258
Occupational Diseases,2012,522.69172291123516,190.99491937119771
Occupational Diseases,2014,480.13422092936526,218.10355455811623
Occupational Diseases,2015,498.8400063301155,210.46266062057879
Chemically-Induced Disorders,1976,318.33439277350283,202.8212788451111
Chemically-Induced Disorders,1979,377.46653144016227,221.43526588853831
Chemically-Induced Disorders,1980,333.06632092106628,239.13110878667578
Chemically-Induced Disorders,1982,379.08772220687115,247.03130434588218
Chemically-Induced Disorders,1989,445.274266257786,240.27654667252159
Chemically-Induced Disorders,1994,504.50236342315549,234.38752460925082
Wounds and Injuries,1975,373.95154026301566,194.61509201881947
Wounds and Injuries,1976,331.69460802355542,194.75573099556169
Wounds and Injuries,1977,374.30763807285547,205.88867384308804
Wounds and Injuries,1978,349.89810154525384,215.78584069107382
Wounds and Injuries,1979,385.2096815613765,201.37795711411624
Wounds and Injuries,1980,312.93076427651351,179.56520776871483
Wounds and Injuries,1981,367.9245632065776,229.60617711712047
Wounds and Injuries,1982,351.91940225379716,201.47521131630293
Wounds and Injuries,1983,312.56372247217615,205.11030294158255
Wounds and Injuries,1985,336.40803769206428,226.11045803520139
Wounds and Injuries,1986,335.96206088992972,215.94754894073509
Wounds and Injuries,1987,334.40503144654087,199.41109836125386
Wounds and Injuries,1988,362.96550475626213,213.51632973165718
Wounds and Injuries,1989,343.65512763194312,184.05249382477123
Wounds and Injuries,1990,366.13866341498925,198.1507584721532
Wounds and Injuries,1991,375.08857498223171,207.03471709863069
Wounds and Injuries,1992,365.81325934579439,206.36559424603698
Wounds and Injuries,1993,369.06416833318843,214.2091755851902
Wounds and Injuries,1994,380.9356120826709,229.06764277458061
Wounds and Injuries,1995,374.17164771224543,210.87355344146425
Wounds and Injuries,1996,382.43421621759154,214.9132376902941
Wounds and Injuries,1997,420.00090667461558,230.75341709900366
Wounds and Injuries,2000,329.14183721588228,222.04109420106565
Wounds and Injuries,2001,332.5568764358303,221.86158227525681
Wounds and Injuries,2002,390.34023122510445,227.02872630077712
Wounds and Injuries,2003,351.24431146307376,220.60717290054737
Wounds and Injuries,2004,310.81337397456161,206.71930127794857
Wounds and Injuries,2005,380.89468689883626,225.07538299752824
Wounds and Injuries,2006,373.12112401066486,225.88968977502063
Wounds and Injuries,2007,374.35696251103184,219.61142098464873
Wounds and Injuries,2008,409.46106589174627,221.51693810132943
Wounds and Injuries,2009,351.59317383515071,212.53397356983089
Wounds and Injuries,2010,372.47129844461631,232.89471598485611
Wounds and Injuries,2011,367.42307788865878,225.53454442071802
Wounds and Injuries,2012,372.63723090441221,221.95262903284186
Wounds and Injuries,2013,352.21091728370715,218.33275661893504
Wounds and Injuries,2014,305.750790914692,216.60918242323353
Wounds and Injuries,2015,342.35171191828653,231.59094856042671
